Quantity,Value
N_members,1592.0
N_with_magnitude,1539.0
z_c,0.0231
z_mean,0.02307937248743719
D_L_Mpc,98.84316867294812
D_A_Mpc,94.43391666868536
sigma_v_km_s,767.7450211213687
R_PV_Mpc,1.3151173042253397
M_vir_Msun,849335519238468.1
L_total_Lsun,2340217385738.1777
Upsilon_r,3.0
M_luminous_Msun,7020652157214.533
